0,project name,description,url,date added
1,Sandbox,Hitachi Sandbox project.,https://github.com/Hitachi/sandbox,5/5/2016
2,Freeboard plugin for MongoDB,A Freeboard plugin for MongoDB.<br>This plugin enables Freeboard to retrieve latest data every specified interval from MongoDB via the RESTHeart a REST API server for MongoDB.,https://github.com/Hitachi-Data-Systems/Freeboard-plugin-for-MongoDB,5/5/2016
3,HCP Anywhere FSS & SDK,The HCP Anywhere File Sync and Share API is an API for connecting to HCP Anywhere. This SDK provides convenient access to the HCP Anywhere FSS API.,https://github.com/Hitachi-Data-Systems/anywhere-fss-sdk,5/5/2016
4,ivy,ivy project.,https://github.com/Hitachi-Data-Systems/ivy,5/5/2016
5,Point In Time Backup Scripting,A set of scripts to perform point-in-time snapshot backups with Hitachi Data Systems in-system replication and Microsoft SQL Server. Formerly known as SplitSec4ond.,https://github.com/Hitachi-Data-Systems/Point-In-Time-Backup-Scripting,5/5/2016
6,Comet,Comet is a Custom Object Metadata Enhancement Toolkit.,https://github.com/Hitachi-Data-Systems/comet,5/5/2016
7,librsyncWrapper,A thin Java JNI wrapper around the C librsync library; making it easy to use the librsync library from Java code.,https://github.com/Hitachi-Data-Systems/librsyncWrapper,5/5/2016
8,Hitachi OpenStack Cinder Driver,Hitachi OpenStack Cinder Driver.,https://github.com/openstack/cinder/tree/master/cinder/volume/drivers/hitachi,5/5/2016
9,Hitachi OpenStack Manila Driver,Hitachi OpenStack Manila Driver.,https://github.com/openstack/manila/tree/master/manila/share/drivers/hitachi,5/5/2016
1,Sandbox,Hitachi Sandbox project.,https://github.com/Hitachi/sandbox,5/5/2016
2,Freeboard plugin for MongoDB,A Freeboard plugin for MongoDB.<br>This plugin enables Freeboard to retrieve latest data every specified interval from MongoDB via the RESTHeart a REST API server for MongoDB.,https://github.com/Hitachi-Data-Systems/Freeboard-plugin-for-MongoDB,5/5/2016
3,HCP Anywhere FSS & SDK,The HCP Anywhere File Sync and Share API is an API for connecting to HCP Anywhere. This SDK provides convenient access to the HCP Anywhere FSS API.,https://github.com/Hitachi-Data-Systems/anywhere-fss-sdk,5/5/2016
4,ivy,ivy project.,https://github.com/Hitachi-Data-Systems/ivy,5/5/2016
5,Point In Time Backup Scripting,A set of scripts to perform point-in-time snapshot backups with Hitachi Data Systems in-system replication and Microsoft SQL Server. Formerly known as SplitSec4ond.,https://github.com/Hitachi-Data-Systems/Point-In-Time-Backup-Scripting,5/5/2016
6,Comet,Comet is a Custom Object Metadata Enhancement Toolkit.,https://github.com/Hitachi-Data-Systems/comet,5/5/2016
7,librsyncWrapper,A thin Java JNI wrapper around the C librsync library; making it easy to use the librsync library from Java code.,https://github.com/Hitachi-Data-Systems/librsyncWrapper,5/5/2016
8,Hitachi OpenStack Cinder Driver,Hitachi OpenStack Cinder Driver.,https://github.com/openstack/cinder/tree/master/cinder/volume/drivers/hitachi,5/5/2016
9,Hitachi OpenStack Manila Driver,Hitachi OpenStack Manila Driver.,https://github.com/openstack/manila/tree/master/manila/share/drivers/hitachi,5/5/2016
1,Sandbox,Hitachi Sandbox project.,https://github.com/Hitachi/sandbox,5/5/2016
2,Freeboard plugin for MongoDB,A Freeboard plugin for MongoDB.<br>This plugin enables Freeboard to retrieve latest data every specified interval from MongoDB via the RESTHeart a REST API server for MongoDB.,https://github.com/Hitachi-Data-Systems/Freeboard-plugin-for-MongoDB,5/5/2016
3,HCP Anywhere FSS & SDK,The HCP Anywhere File Sync and Share API is an API for connecting to HCP Anywhere. This SDK provides convenient access to the HCP Anywhere FSS API.,https://github.com/Hitachi-Data-Systems/anywhere-fss-sdk,5/5/2016
4,ivy,ivy project.,https://github.com/Hitachi-Data-Systems/ivy,5/5/2016
5,Point In Time Backup Scripting,A set of scripts to perform point-in-time snapshot backups with Hitachi Data Systems in-system replication and Microsoft SQL Server. Formerly known as SplitSec4ond.,https://github.com/Hitachi-Data-Systems/Point-In-Time-Backup-Scripting,5/5/2016
6,Comet,Comet is a Custom Object Metadata Enhancement Toolkit.,https://github.com/Hitachi-Data-Systems/comet,5/5/2016
7,librsyncWrapper,A thin Java JNI wrapper around the C librsync library; making it easy to use the librsync library from Java code.,https://github.com/Hitachi-Data-Systems/librsyncWrapper,5/5/2016
8,Hitachi OpenStack Cinder Driver,Hitachi OpenStack Cinder Driver.,https://github.com/openstack/cinder/tree/master/cinder/volume/drivers/hitachi,5/5/2016
9,Hitachi OpenStack Manila Driver,Hitachi OpenStack Manila Driver.,https://github.com/openstack/manila/tree/master/manila/share/drivers/hitachi,5/5/2016
1,Sandbox,Hitachi Sandbox project.,https://github.com/Hitachi/sandbox,5/5/2016
2,Freeboard plugin for MongoDB,A Freeboard plugin for MongoDB.<br>This plugin enables Freeboard to retrieve latest data every specified interval from MongoDB via the RESTHeart a REST API server for MongoDB.,https://github.com/Hitachi-Data-Systems/Freeboard-plugin-for-MongoDB,5/5/2016
3,HCP Anywhere FSS & SDK,The HCP Anywhere File Sync and Share API is an API for connecting to HCP Anywhere. This SDK provides convenient access to the HCP Anywhere FSS API.,https://github.com/Hitachi-Data-Systems/anywhere-fss-sdk,5/5/2016
4,ivy,ivy project.,https://github.com/Hitachi-Data-Systems/ivy,5/5/2016
5,Point In Time Backup Scripting,A set of scripts to perform point-in-time snapshot backups with Hitachi Data Systems in-system replication and Microsoft SQL Server. Formerly known as SplitSec4ond.,https://github.com/Hitachi-Data-Systems/Point-In-Time-Backup-Scripting,5/5/2016
6,Comet,Comet is a Custom Object Metadata Enhancement Toolkit.,https://github.com/Hitachi-Data-Systems/comet,5/5/2016
7,librsyncWrapper,A thin Java JNI wrapper around the C librsync library; making it easy to use the librsync library from Java code.,https://github.com/Hitachi-Data-Systems/librsyncWrapper,5/5/2016
8,Hitachi OpenStack Cinder Driver,Hitachi OpenStack Cinder Driver.,https://github.com/openstack/cinder/tree/master/cinder/volume/drivers/hitachi,5/5/2016
9,Hitachi OpenStack Manila Driver,Hitachi OpenStack Manila Driver.,https://github.com/openstack/manila/tree/master/manila/share/drivers/hitachi,5/5/2016
1,Sandbox,Hitachi Sandbox project.,https://github.com/Hitachi/sandbox,5/5/2016
2,Freeboard plugin for MongoDB,A Freeboard plugin for MongoDB.<br>This plugin enables Freeboard to retrieve latest data every specified interval from MongoDB via the RESTHeart a REST API server for MongoDB.,https://github.com/Hitachi-Data-Systems/Freeboard-plugin-for-MongoDB,5/5/2016
3,HCP Anywhere FSS & SDK,The HCP Anywhere File Sync and Share API is an API for connecting to HCP Anywhere. This SDK provides convenient access to the HCP Anywhere FSS API.,https://github.com/Hitachi-Data-Systems/anywhere-fss-sdk,5/5/2016
4,ivy,ivy project.,https://github.com/Hitachi-Data-Systems/ivy,5/5/2016
5,Point In Time Backup Scripting,A set of scripts to perform point-in-time snapshot backups with Hitachi Data Systems in-system replication and Microsoft SQL Server. Formerly known as SplitSec4ond.,https://github.com/Hitachi-Data-Systems/Point-In-Time-Backup-Scripting,5/5/2016
6,Comet,Comet is a Custom Object Metadata Enhancement Toolkit.,https://github.com/Hitachi-Data-Systems/comet,5/5/2016
7,librsyncWrapper,A thin Java JNI wrapper around the C librsync library; making it easy to use the librsync library from Java code.,https://github.com/Hitachi-Data-Systems/librsyncWrapper,5/5/2016
8,Hitachi OpenStack Cinder Driver,Hitachi OpenStack Cinder Driver.,https://github.com/openstack/cinder/tree/master/cinder/volume/drivers/hitachi,5/5/2016
9,Hitachi OpenStack Manila Driver,Hitachi OpenStack Manila Driver.,https://github.com/openstack/manila/tree/master/manila/share/drivers/hitachi,5/5/2016
1,chandbox,Hitachi Sandbox project.,https://github.com/Hitachi/sandbox,5/5/2016
2,Freeboard plugin for MongoDB,A Freeboard plugin for MongoDB.<br>This plugin enables Freeboard to retrieve latest data every specified interval from MongoDB via the RESTHeart a REST API server for MongoDB.,https://github.com/Hitachi-Data-Systems/Freeboard-plugin-for-MongoDB,5/5/2016
3,HCP Anywhere FSS & SDK,The HCP Anywhere File Sync and Share API is an API for connecting to HCP Anywhere. This SDK provides convenient access to the HCP Anywhere FSS API.,https://github.com/Hitachi-Data-Systems/anywhere-fss-sdk,5/5/2016
4,ivy,ivy project.,https://github.com/Hitachi-Data-Systems/ivy,5/5/2016
5,Point In Time Backup Scripting,A set of scripts to perform point-in-time snapshot backups with Hitachi Data Systems in-system replication and Microsoft SQL Server. Formerly known as SplitSec4ond.,https://github.com/Hitachi-Data-Systems/Point-In-Time-Backup-Scripting,5/5/2016
6,Comet,Comet is a Custom Object Metadata Enhancement Toolkit.,https://github.com/Hitachi-Data-Systems/comet,5/5/2016
7,librsyncWrapper,A thin Java JNI wrapper around the C librsync library; making it easy to use the librsync library from Java code.,https://github.com/Hitachi-Data-Systems/librsyncWrapper,5/5/2016
8,Hitachi OpenStack Cinder Driver,Hitachi OpenStack Cinder Driver.,https://github.com/openstack/cinder/tree/master/cinder/volume/drivers/hitachi,5/5/2016
9,Hitachi OpenStack Manila Driver,Hitachi OpenStack Manila Driver.,https://github.com/openstack/manila/tree/master/manila/share/drivers/hitachi,5/5/2016
1,Sandbox,Hitachi Sandbox project.,https://github.com/Hitachi/sandbox,5/5/2016
2,Freeboard plugin for MongoDB,A Freeboard plugin for MongoDB.<br>This plugin enables Freeboard to retrieve latest data every specified interval from MongoDB via the RESTHeart a REST API server for MongoDB.,https://github.com/Hitachi-Data-Systems/Freeboard-plugin-for-MongoDB,5/5/2016
3,HCP Anywhere FSS & SDK,The HCP Anywhere File Sync and Share API is an API for connecting to HCP Anywhere. This SDK provides convenient access to the HCP Anywhere FSS API.,https://github.com/Hitachi-Data-Systems/anywhere-fss-sdk,5/5/2016
4,ivy,ivy project.,https://github.com/Hitachi-Data-Systems/ivy,5/5/2016
5,Point In Time Backup Scripting,A set of scripts to perform point-in-time snapshot backups with Hitachi Data Systems in-system replication and Microsoft SQL Server. Formerly known as SplitSec4ond.,https://github.com/Hitachi-Data-Systems/Point-In-Time-Backup-Scripting,5/5/2016
6,Comet,Comet is a Custom Object Metadata Enhancement Toolkit.,https://github.com/Hitachi-Data-Systems/comet,5/5/2016
7,librsyncWrapper,A thin Java JNI wrapper around the C librsync library; making it easy to use the librsync library from Java code.,https://github.com/Hitachi-Data-Systems/librsyncWrapper,5/5/2016
8,Hitachi OpenStack Cinder Driver,Hitachi OpenStack Cinder Driver.,https://github.com/openstack/cinder/tree/master/cinder/volume/drivers/hitachi,5/5/2016
9,Hitachi OpenStack Manila Driver,Hitachi OpenStack Manila Driver.,https://github.com/openstack/manila/tree/master/manila/share/drivers/hitachi,5/5/2016
1,Sandbox,Hitachi Sandbox project.,https://github.com/Hitachi/sandbox,5/5/2016
2,Freeboard plugin for MongoDB,A Freeboard plugin for MongoDB.<br>This plugin enables Freeboard to retrieve latest data every specified interval from MongoDB via the RESTHeart a REST API server for MongoDB.,https://github.com/Hitachi-Data-Systems/Freeboard-plugin-for-MongoDB,5/5/2016
3,HCP Anywhere FSS & SDK,The HCP Anywhere File Sync and Share API is an API for connecting to HCP Anywhere. This SDK provides convenient access to the HCP Anywhere FSS API.,https://github.com/Hitachi-Data-Systems/anywhere-fss-sdk,5/5/2016
4,ivy,ivy project.,https://github.com/Hitachi-Data-Systems/ivy,5/5/2016
5,Point In Time Backup Scripting,A set of scripts to perform point-in-time snapshot backups with Hitachi Data Systems in-system replication and Microsoft SQL Server. Formerly known as SplitSec4ond.,https://github.com/Hitachi-Data-Systems/Point-In-Time-Backup-Scripting,5/5/2016
6,Comet,Comet is a Custom Object Metadata Enhancement Toolkit.,https://github.com/Hitachi-Data-Systems/comet,5/5/2016
7,librsyncWrapper,A thin Java JNI wrapper around the C librsync library; making it easy to use the librsync library from Java code.,https://github.com/Hitachi-Data-Systems/librsyncWrapper,5/5/2016
8,Hitachi OpenStack Cinder Driver,Hitachi OpenStack Cinder Driver.,https://github.com/openstack/cinder/tree/master/cinder/volume/drivers/hitachi,5/5/2016
9,Hitachi OpenStack Manila Driver,Hitachi OpenStack Manila Driver.,https://github.com/openstack/manila/tree/master/manila/share/drivers/hitachi,5/5/2016
1,Sandbox,Hitachi Sandbox project.,https://github.com/Hitachi/sandbox,5/5/2016
2,Freeboard plugin for MongoDB,A Freeboard plugin for MongoDB.<br>This plugin enables Freeboard to retrieve latest data every specified interval from MongoDB via the RESTHeart a REST API server for MongoDB.,https://github.com/Hitachi-Data-Systems/Freeboard-plugin-for-MongoDB,5/5/2016
3,HCP Anywhere FSS & SDK,The HCP Anywhere File Sync and Share API is an API for connecting to HCP Anywhere. This SDK provides convenient access to the HCP Anywhere FSS API.,https://github.com/Hitachi-Data-Systems/anywhere-fss-sdk,5/5/2016
4,ivy,ivy project.,https://github.com/Hitachi-Data-Systems/ivy,5/5/2016
5,Point In Time Backup Scripting,A set of scripts to perform point-in-time snapshot backups with Hitachi Data Systems in-system replication and Microsoft SQL Server. Formerly known as SplitSec4ond.,https://github.com/Hitachi-Data-Systems/Point-In-Time-Backup-Scripting,5/5/2016
6,Comet,Comet is a Custom Object Metadata Enhancement Toolkit.,https://github.com/Hitachi-Data-Systems/comet,5/5/2016
7,librsyncWrapper,A thin Java JNI wrapper around the C librsync library; making it easy to use the librsync library from Java code.,https://github.com/Hitachi-Data-Systems/librsyncWrapper,5/5/2016
8,Hitachi OpenStack Cinder Driver,Hitachi OpenStack Cinder Driver.,https://github.com/openstack/cinder/tree/master/cinder/volume/drivers/hitachi,5/5/2016
9,Hitachi OpenStack Manila Driver,Hitachi OpenStack Manila Driver.,https://github.com/openstack/manila/tree/master/manila/share/drivers/hitachi,5/5/2016
1,Sandbox,Hitachi Sandbox project.,https://github.com/Hitachi/sandbox,5/5/2016
2,Freeboard plugin for MongoDB,A Freeboard plugin for MongoDB.<br>This plugin enables Freeboard to retrieve latest data every specified interval from MongoDB via the RESTHeart a REST API server for MongoDB.,https://github.com/Hitachi-Data-Systems/Freeboard-plugin-for-MongoDB,5/5/2016
3,HCP Anywhere FSS & SDK,The HCP Anywhere File Sync and Share API is an API for connecting to HCP Anywhere. This SDK provides convenient access to the HCP Anywhere FSS API.,https://github.com/Hitachi-Data-Systems/anywhere-fss-sdk,5/5/2016
4,ivy,ivy project.,https://github.com/Hitachi-Data-Systems/ivy,5/5/2016
5,Point In Time Backup Scripting,A set of scripts to perform point-in-time snapshot backups with Hitachi Data Systems in-system replication and Microsoft SQL Server. Formerly known as SplitSec4ond.,https://github.com/Hitachi-Data-Systems/Point-In-Time-Backup-Scripting,5/5/2016
6,Comet,Comet is a Custom Object Metadata Enhancement Toolkit.,https://github.com/Hitachi-Data-Systems/comet,5/5/2016
7,librsyncWrapper,A thin Java JNI wrapper around the C librsync library; making it easy to use the librsync library from Java code.,https://github.com/Hitachi-Data-Systems/librsyncWrapper,5/5/2016
8,Hitachi OpenStack Cinder Driver,Hitachi OpenStack Cinder Driver.,https://github.com/openstack/cinder/tree/master/cinder/volume/drivers/hitachi,5/5/2016
9,Hitachi OpenStack Vanila Driver,Hitachi OpenStack Manila Driver.,https://github.com/openstack/manila/tree/master/manila/share/drivers/hitachi,5/5/2016
1,Sandbox,Hitachi Sandbox project.,https://github.com/Hitachi/sandbox,5/5/2016
1,Sandbox,Hitachi Sandbox project.,https://github.com/Hitachi/sandbox,5/5/2016
1,Pandabox,Hitachi Sandbox project.,https://github.com/Hitachi/sandbox,5/5/2016
